si_lat,si_lon,uj_lat,uj_lon,Z1,Z2
17.712474,-64.784868,20.66346,-69.4557,17.8,4.674628709677419
18.009558,-66.627249,20.66346,-69.4557,17.1,4.674628709677419
18.175378,-66.725988,20.66346,-69.4557,13.22222222222222,4.674628709677419
18.198712,-66.052237,20.66346,-69.4557,15.5,4.674628709677419
18.343811,-64.931389,20.66346,-69.4557,19.35483870967742,4.674628709677419
18.383983,-65.618888,20.66346,-69.4557,17.444444444444443,4.674628709677419
18.420089,-66.150615,20.66346,-69.4557,16.6,4.674628709677419
18.440095,-66.11446,20.66346,-69.4557,23.066666666666663,4.674628709677419
19.117561,-155.778136,30.36437,-123.81952,19.976744186046517,2.732598387096774
19.2039,-155.480183,30.36437,-123.81952,20.102564102564106,2.732598387096774
19.509778,-155.913417,30.87795,-124.0016,12.516129032258064,2.6668216129032256
19.555444,-155.102028,30.56976,-123.89207,21.86111111111111,2.7215209677419354
19.717562,-155.11053,30.77521,-123.96499,12.47222222222222,2.682227419354839
20.780997,-156.446373,32.62622,-124.63902,16.5,2.7497464516129035
21.303382,-157.871171,33.96447,-125.14648,22.741935483870968,2.9047135483870967
21.30758,-157.85542,33.96447,-125.14648,15.451612903225806,2.9047135483870967
21.323745,-158.088613,34.06744,-125.18626,10.341463414634148,2.8834751290322584
21.392833,-157.969126,34.06744,-125.18626,15.774193548387096,2.8834751290322584
21.949599,-159.36624,35.5089,-125.75487,15.96774193548387,2.923840516129032
25.471944,-80.482778,25.43968,-80.47281,29.9,6.834989032258064
25.794222,-80.215556,25.81684,-80.15662,36.30303030303031,7.933200322580645
25.892518,-97.49383,25.84123,-97.52901,25.53333333333333,5.371810645161291
25.941944,-80.326389,25.95963,-80.36635,26.9,7.606424838709677
26.053889,-80.256944,26.04437,-80.22901,25.59523809523809,9.121416451612903
26.132677,-80.169817,26.14847,-80.20736,31.93548387096774,8.712554193548387
26.22621,-98.291069,26.25857,-98.24073,29.310344827586206,6.48747935483871
26.288622,-98.152066,26.25995,-98.12258,24.5,6.308192903225806
26.291088,-80.096353,26.23305,-80.06954,24.22222222222222,5.816370967741936
26.294167,-80.176389,26.25261,-80.18565,25.87804878048781,8.548828387096775
26.456944,-80.092778,26.461,-80.14207,23.33333333333333,7.586085806451613
26.602016,-81.877908,26.63478,-81.91415,36.5,8.35131206451613
26.687606,-80.219619,26.68908,-80.215,22.571428571428573,8.311785161290324
27.290556,-82.507222,27.26213,-82.52324,28.387096774193548,8.363102903225807
27.426981,-97.298692,27.43382,-97.29971,26.75,4.678708064516129
27.599444,-99.533333,27.6146,-99.58369,29.48275862068965,5.932588387096774
27.785866,-82.739875,27.83793,-82.78457,33.774193548387096,7.283655161290322
27.804489,-97.431553,27.75278,-97.42127,22.951612903225808,6.038158064516129
27.811817,-97.465703,27.85931,-97.42183,23.4,6.040206774193548
27.96565,-82.2304,27.98078,-82.27003,36.891891891891895,9.147976774193548
27.986283,-82.78215,27.9432,-82.76577,24.444444444444443,7.479499032258065
28.028889,-81.972222,28.05126,-82.01208,33.61290322580645,8.985677741935485
28.053611,-80.628611,28.06019,-80.66134,21.8,6.4437865806451615
28.596389,-81.3625,28.61102,-81.41221,27.956521739130437,8.823866451612902
28.704607,-100.451156,28.65561,-100.47005,21.130434782608692,6.576039677419355
28.746111,-81.310556,28.69794,-81.27142,27.87878787878788,7.571937096774194
29.206667,-81.0525,29.20585,-81.04514,30.80952380952381,6.825390967741935
29.254474,-94.861289,29.22624,-94.85425,20.0,5.269700967741935
29.275381,-98.311692,29.24039,-98.28761,30.52173913043478,7.278996774193549
29.30265,-103.17781,29.27794,-103.20031,15.096774193548388,2.9304855806451617
29.51509,-98.620166,29.55628,-98.66215,25.09375,7.568707419354839
29.529432,-98.391403,29.5599,-98.41595,33.81818181818182,8.312247096774193
29.566112,-82.26608,29.59709,-82.21499,23.161290322580644,6.662055483870968
29.670025,-95.128508,29.65915,-95.08909,26.390243902439025,9.045206774193549
29.679301,-90.779731,29.70524,-90.76605,23.3,7.20988129032258
29.706111,-82.387778,29.73727,-82.43854,22.08333333333333,6.982112903225807
29.733726,-95.257593,29.76846,-95.20991,36.62857142857143,10.032019032258065
29.767997,-95.220582,29.76846,-95.20991,39.58620689655172,10.032019032258065
29.770698,-95.031232,29.76627,-95.08649,27.93103448275862,10.259220967741935
29.81453,-95.38769,29.77049,-95.33334,34.0,9.501175483870968
29.863957,-94.317802,29.85724,-94.34253,30.0,6.283455580645161
29.900314,-90.109836,29.88042,-90.13245,22.727272727272727,7.391400645161291
29.901036,-95.326137,29.87765,-95.33107,28.75,9.154331612903226
29.922894,-93.909018,29.95432,-93.96786,24.82758620689655,7.195858064516129
29.943164,-89.97625,29.97914,-89.99968,20.4,7.738885806451613
29.996013,-90.11819,29.98732,-90.1231,27.1,8.54426064516129
30.041238,-90.272826,29.99536,-90.24655,18.0,8.25388064516129
30.135797,-81.633981,30.16051,-81.60471,24.1,8.679090967741937
30.194167,-93.866944,30.16501,-93.83558,23.96551724137931,6.368791225806452
30.219101,-91.062552,30.2616,-91.09528,24.3,10.91613806451613
30.22611,-92.042908,30.20552,-92.09433,24.7,8.590071935483872
30.227798,-93.579965,30.26446,-93.58295,18.8,5.851364677419355
30.262778,-81.606833,30.26625,-81.58377,38.67741935483871,8.723064838709677
30.263204,-97.712891,30.21043,-97.68279,31.29032258064516,8.457381612903227
30.300833,-89.395916,30.25669,-89.35176,27.580645161290324,6.283927096774193
30.35386,-97.69166,30.31772,-97.68372,34.22222222222222,8.556089677419356
30.354722,-81.547778,30.37202,-81.56277,21.25,8.393655161290322
30.378287,-88.53393,30.41366,-88.58669,34.0,8.888665483870968
30.390369,-89.049778,30.34526,-89.09348,32.064516129032256,7.532455161290323
30.439722,-84.346389,30.41764,-84.32525,24.5,8.18711064516129
30.461981,-91.179219,30.48271,-91.20341,30.18032786885246,13.063092258064517
30.497478,-87.880258,30.45829,-87.83116,28.375,5.957860322580645
30.500642,-91.213556,30.48271,-91.20341,27.41935483870968,13.063092258064517
30.503287,-90.377212,30.53829,-90.32458,20.066666666666663,5.870785806451613
30.525367,-87.20355,30.50914,-87.19869,28.416666666666668,8.31121064516129
30.770181,-88.087761,30.80026,-88.04225,29.3,7.120839032258065
30.8486,-83.2933,30.82446,-83.24702,26.5,8.07400612903226
31.169805,-81.495035,31.13133,-81.53793,27.55555555555556,7.603593225806452
31.177824,-92.410746,31.18773,-92.40985,18.9,5.92527193548387
31.224783,-85.390789,31.18559,-85.34074,28.4,6.285021935483871
31.32389,-89.2922,31.32719,-89.2459,32.6,7.553429935483871
31.337204,-110.936718,31.33943,-110.97243,52.52777777777778,2.073007612903226
31.3492,-109.539683,31.29873,-109.56544,21.387096774193548,2.461532
31.513097,-82.749971,31.51874,-82.7394,21.3,6.970152258064515
31.5776,-84.0998,31.58836,-84.13202,36.65079365079365,7.844813225806452
31.765685,-106.455227,31.73068,-106.44778,48.774193548387096,4.842353870967743
31.768286,-106.501243,31.73068,-106.44778,37.5,4.842353870967743
31.787885,-106.683324,31.8151,-106.71302,24.548387096774192,4.3779825806451615
31.796218,-106.584434,31.82651,-106.587,26.444444444444443,5.996121612903226
31.870259,-102.334745,31.9045,-102.39526,24.82758620689655,5.367685483870967
32.003712,-106.599715,32.04073,-106.61376,28.289473684210527,4.922505161290323
32.090779,-81.130222,32.04867,-81.09367,37.03225806451613,8.919646774193549
32.110679,-81.161823,32.06736,-81.21886,27.03703703703704,7.998101935483871
32.29515,-110.9823,32.31366,-111.02219,21.30555555555556,5.545161935483871
32.322037,-106.768337,32.35073,-106.78108,18.29032258064516,6.991149032258064
32.322661,-111.038389,32.31366,-111.02219,26.88235294117647,5.545161935483871
32.329111,-90.182722,32.36238,-90.16535,35.51282051282051,9.296375161290324
32.346722,-90.225667,32.36238,-90.16535,31.096774193548388,9.296375161290324
32.412811,-86.263394,32.37306,-86.31683,28.0,8.23041806451613
32.4297,-84.9316,32.43867,-84.89117,29.1,6.893932903225807
32.437028,-84.999653,32.45292,-85.01781,29.80392156862745,8.09215129032258
32.471819,-93.795179,32.42228,-93.7422,29.363636363636363,8.079686129032257
32.482083,-97.026899,32.47155,-97.0639,12.333333333333334,9.339805806451611
32.4842,-84.9789,32.45292,-85.01781,33.6,8.09215129032258
32.509959,-92.046196,32.46693,-92.07713,22.7,6.740400322580645
32.521272,-84.944635,32.55982,-85.00099,32.2,6.80224870967742
32.6056,-83.5978,32.60798,-83.57104,35.45,7.593282258064516
32.631242,-117.059088,32.6597,-117.08677,29.142857142857142,6.741587419354839
32.664753,-97.337917,32.6868,-97.32043,25.2,8.794247741935482
32.669001,-94.167468,32.64878,-94.11709,24.25,5.979292419354839
32.67618,-115.48307,32.61613,-115.50321,58.34615384615385,6.005873225806452
32.690278,-114.61444,32.65939,-114.59894,29.483870967741936,6.647642258064516
32.726656,-103.122917,32.73109,-103.09624,23.0,5.550168709677419
32.759154,-97.342332,32.79469,-97.32088,27.444444444444443,8.630425483870967
32.774262,-96.797686,32.79499,-96.80747,34.22222222222222,9.563020645161291
32.777465,-83.640996,32.73051,-83.67901,28.33333333333333,8.140232580645161
32.789565,-116.944308,32.78857,-116.98969,43.19230769230769,6.281682580645161
32.790984,-79.958694,32.74126,-79.90453,26.967741935483872,7.769819032258064
32.79222,-115.56306,32.82743,-115.55515,33.0,10.450683548387095
32.805264,-83.543493,32.82138,-83.53324,25.585365853658537,7.268277096774193
32.80581,-97.356529,32.79469,-97.32088,26.2,8.630425483870967
32.820061,-96.860117,32.79499,-96.80747,35.65909090909091,9.563020645161291
32.845709,-117.123964,32.87022,-117.1431,21.933333333333334,6.5477303225806445
32.877583,-111.752222,32.8676,-111.77541,28.51219512195122,8.51922258064516
32.884761,-112.03705,32.83237,-112.02886,28.52173913043478,4.774578419354839
32.967359,-82.806871,32.95308,-82.85921,22.0,8.71261870967742
32.97833,-115.53917,32.93309,-115.58121,39.625,7.038238064516129
32.980254,-80.06501,32.99343,-80.10923,28.12903225806452,9.156944516129032
33.139471,-91.939208,33.10736,-91.90658,25.7,5.859206129032258
33.189931,-87.484189,33.24332,-87.49305,25.2,6.228059677419355
33.220563,-92.672263,33.24875,-92.67285,29.1,8.162328387096773
33.284928,-85.803608,33.29827,-85.7955,21.166666666666668,6.1553535483870965
33.331111,-87.003611,33.30433,-86.96552,26.866666666666667,7.191217741935484
33.362593,-117.09023,33.3152,-117.13068,37.333333333333336,4.315340967741935
33.39623,-111.96799,33.38255,-112.00774,40.38709677419355,7.502591935483871
33.40314,-112.07526,33.38255,-112.00774,49.193548387096776,7.502591935483871
33.41018,-111.86536,33.40023,-111.88013,33.193548387096776,7.479415806451613
33.41123,-111.93471,33.40023,-111.88013,35.645161290322584,7.479415806451613
33.421194,-111.503222,33.45238,-111.49693,15.555555555555555,3.250199677419355
33.4265,-112.11821,33.47124,-112.15677,49.58064516129032,7.935523225806452
33.4339,-82.0224,33.38255,-81.99226,37.38709677419355,9.69193193548387
33.436111,-94.07778,33.40397,-94.08836,29.772727272727277,7.531579677419355
33.447867,-117.088649,33.44425,-117.03283,12.21875,3.189601935483871
33.48378,-112.14256,33.47124,-112.15677,53.60606060606061,7.935523225806452
33.488131,-111.855443,33.50681,-111.90125,17.8,5.5283703225806455
33.499722,-86.924167,33.51904,-86.93697,26.2,7.771122258064516
33.503833,-112.095767,33.4891,-112.02904,46.8780487804878,7.043667419354839
33.521427,-86.844112,33.50702,-86.8082,30.6,9.868380967741937
33.545278,-86.549167,33.58986,-86.53591,26.2,7.786132580645162
33.553056,-86.815,33.50702,-86.8082,36.5,9.868380967741937
33.56031,-112.06619,33.59565,-112.05039,38.483870967741936,5.93342129032258
33.57453,-112.19193,33.57777,-112.1783,39.83870967741935,7.187419032258065
33.58553,-101.78698,33.55624,-101.73415,18.96296296296296,5.240961935483871
33.610845,-84.390717,33.58585,-84.44455,29.6,7.7998770967741935
33.63003,-117.67593,33.66442,-117.62475,25.444444444444443,4.659070000000001
33.6878,-84.2905,33.67789,-84.29805,31.09230769230769,8.602439677419355
33.70853,-116.21537,33.71167,-116.17385,32.9,3.262573870967742
33.739963,-81.853635,33.68431,-81.80011,22.1,7.1931622580645165
33.747236,-115.820124,33.7789,-115.79243,18.6,1.9031409032258064
33.750838,-90.734175,33.80106,-90.6868,26.193548387096776,6.045053548387097
33.7784,-84.3914,33.79991,-84.40872,35.6,9.347954516129032
33.79236,-118.17533,33.77629,-118.19002,45.83606557377049,9.967765483870966
33.802241,-84.435618,33.79991,-84.40872,30.3,9.347954516129032
33.82376,-118.18921,33.77629,-118.19002,47.57142857142857,9.967765483870966
33.83062,-117.93845,33.82594,-117.93684,36.63934426229508,8.641319677419354
33.85275,-116.54101,33.87733,-116.483,22.7,3.1460851612903222
33.859662,-118.200707,33.88144,-118.2201,56.2258064516129,10.477315161290322
33.901389,-118.205,33.88144,-118.2201,50.66666666666666,10.477315161290322
33.918137,-83.344385,33.88939,-83.34098,33.05,7.045424193548388
33.944713,-116.830074,33.93659,-116.76536,12.09375,2.3332066129032256
33.9632,-84.0691,33.98378,-84.11445,41.43333333333333,8.399984516129033
33.991494,-85.992647,33.96811,-85.95804,29.375,6.9801235483870965
33.99636,-117.4924,34.02888,-117.45859,49.5,7.701257419354839
33.99958,-117.41601,34.02888,-117.45859,38.656716417910445,7.701257419354839
34.01029,-118.0685,34.01159,-118.12339,40.06666666666667,10.887279677419356
34.015436,-84.607423,34.04367,-84.63115,31.0,8.081934838709676
34.030833,-117.61722,34.00468,-117.58572,53.083333333333336,8.771579677419355
34.051017,-81.15495,34.03701,-81.19862,24.12727272727273,8.158007741935483
34.06659,-118.22688,34.09178,-118.28053,40.94285714285714,10.350305483870969
34.093959,-80.962304,34.10574,-80.91878,29.33333333333333,9.299349032258066
34.10002,-117.49201,34.13428,-117.48775,38.2,5.304076451612903
34.106678,-117.274063,34.07686,-117.20409,35.333333333333336,5.292553548387097
34.1326,-118.1272,34.1168,-118.15348,26.2,8.519999677419356
34.1365,-117.92391,34.16639,-117.89914,23.5,5.07135935483871
34.19925,-118.53276,34.14641,-118.56503,32.6,6.361840967741935
34.210169,-118.870509,34.20031,-118.84996,26.26923076923077,4.889577096774193
34.214263,-79.767347,34.26731,-79.81901,31.0,7.8110377419354835
34.2439,-113.5586,34.26068,-113.51375,13.35483870967742,1.5689015806451612
34.244189,-97.462931,34.19854,-97.45763,27.967741935483872,6.861380322580645
34.25239,-119.143182,34.25347,-119.13528,21.666666666666668,4.295935483870968
34.26464,-116.86147,34.2533,-116.85006,31.2,1.463605419354839
34.276316,-118.683685,34.22599,-118.72292,25.54901960784314,4.671828064516129
34.288567,-85.969858,34.29011,-85.91044,26.666666666666668,6.382560967741935
34.2993,-83.8134,34.27391,-83.79982,37.66666666666666,6.923963548387097
34.364167,-77.838611,34.36864,-77.78962,14.517241379310343,5.789194193548387
34.404281,-118.80998,34.43615,-118.78503,11.24,2.733536870967742
34.427775,-119.691218,34.46239,-119.73959,26.61290322580645,3.1888810967741934
34.44551,-119.8284,34.43553,-119.86666,17.967741935483872,3.308704
34.44806,-119.2313,34.46341,-119.19858,29.516129032258064,2.1942322903225806
34.469441,-93.000178,34.45132,-92.9973,25.166666666666668,7.527221935483872
34.510961,-117.32554,34.49879,-117.31988,26.016129032258064,5.54157
34.518515,-91.55896,34.49749,-91.54884,28.8,7.192226451612903
34.530717,-86.967536,34.49804,-86.93687,25.625,6.05299006451613
34.583699,-94.226234,34.59602,-94.17342,25.6,6.477047741935484
34.615367,-80.198787,34.64663,-80.13243,20.77777777777778,6.215583870967742
34.63298,-98.42879,34.62357,-98.38076,29.870967741935484,8.134806774193548
34.63782,-120.4575,34.64047,-120.47444,14.03225806451613,2.9621743870967743
34.669739,-118.130511,34.66803,-118.17721,18.29032258064516,3.511833258064516
34.681343,-92.328697,34.64165,-92.32871,32.8,7.749577741935484
34.68547,-86.58816,34.68883,-86.64618,24.33333333333333,7.655669677419355
34.751848,-82.256701,34.73313,-82.25205,22.785714285714285,8.984824838709677
34.756189,-92.281296,34.74973,-92.32195,31.848484848484848,9.750269677419354
34.762619,-87.638097,34.7823,-87.69357,23.444444444444443,5.98519135483871
34.805261,-83.2377,34.74481,-83.1832,12.347826086956522,4.416958387096774
34.82056,-89.98778,34.84,-89.93745,29.870967741935484,7.535181612903226
34.843895,-82.414585,34.85738,-82.36092,28.311475409836067,9.276366129032258
34.885608,-95.78441,34.84156,-95.7471,26.30555555555556,6.704569677419355
34.9127,-80.8745,34.87027,-80.88608,28.61290322580645,7.27764
34.942872,-120.435611,34.98205,-120.44795,17.161290322580644,3.436321419354839
34.955566,-81.924797,34.91137,-81.94886,28.545454545454547,8.915054193548388
34.9788,-85.3009,34.98743,-85.27322,33.78048780487805,7.300605806451613
34.99438,-85.24293,34.98743,-85.27322,27.9,7.300605806451613
35.01708,-106.65739,34.97514,-106.59629,35.35087719298246,7.146906129032258
35.02083,-120.56388,35.05899,-120.60959,28.967741935483872,3.745062774193548
35.041416,-78.953112,35.01264,-78.97112,29.894736842105264,7.993159354838709
35.04673,-120.58777,35.05899,-120.60959,15.870967741935484,3.745062774193548
35.050551,-118.147294,35.00896,-118.14017,11.548387096774194,1.8558586129032255
35.050918,-85.293019,35.09479,-85.25619,28.94117647058824,6.694359032258064
35.115968,-87.469954,35.09415,-87.52135,18.0,5.025014741935483
35.116878,-87.419725,35.0828,-87.38976,21.352941176470587,5.253841129032258
35.1343,-106.5852,35.0828,-106.61024,24.59016393442623,12.38105677419355
35.1443,-106.60468,35.19047,-106.62422,27.741935483870968,9.171316774193548
35.151194,-90.041559,35.17215,-90.03867,30.1,7.795040967741936
35.151283,-80.866983,35.18994,-80.81596,31.193548387096776,8.110453548387097
35.151699,-89.850249,35.16379,-89.9066,27.066666666666663,8.712047419354839
35.16126,-89.87065,35.16379,-89.9066,33.325,8.712047419354839
35.1852,-106.50815,35.20184,-106.49245,18.29032258064516,4.735092580645161
35.186278,-94.786643,35.15195,-94.81467,20.9,6.370768064516129
35.19324,-106.613815,35.19047,-106.62422,39.25806451612903,9.171316774193548
35.197288,-90.193141,35.18036,-90.17076,30.2,7.283013870967742
35.201592,-101.909275,35.17065,-101.96989,11.275862068965518,4.350206774193548
35.213171,-80.874084,35.18994,-80.81596,33.696969696969695,8.110453548387097
35.2401,-80.785683,35.29652,-80.79246,28.19047619047619,7.352582903225806
35.25651,-120.6693,35.26826,-120.67773,13.74074074074074,3.52795335483871
35.263165,-79.836636,35.26467,-79.85522,28.29032258064516,5.852126129032258
35.320105,-97.484099,35.28075,-97.46432,43.67741935483871,10.714169032258065
35.324636,-118.997627,35.27702,-119.037,57.888888888888886,8.384291290322581
35.356615,-119.062613,35.38215,-119.0689,70.6875,8.690077096774193
35.385574,-119.015009,35.38215,-119.0689,65.4,8.690077096774193
35.40814,-94.524413,35.36293,-94.54275,27.7,9.539328709677418
35.434767,-83.442133,35.4358,-83.45662,29.774193548387096,3.509689096774194
35.450115,-84.596195,35.46694,-84.66009,24.70967741935484,6.093496774193548
35.466767,-83.277928,35.52674,-83.30523,18.066666666666663,3.0262087741935484
35.47292,-97.52709,35.49737,-97.46568,27.142857142857142,10.328740967741934
35.49453,-120.66617,35.50545,-120.61772,25.806451612903224,3.743272774193548
35.50307,-97.577981,35.49673,-97.59872,40.354838709677416,10.289417741935484
35.59095,-78.4622,35.5843,-78.42182,25.741935483870968,7.54532
35.6062,-82.5844,35.65744,-82.60605,20.52777777777778,5.354615483870967
35.614131,-97.475083,35.60569,-97.46636,31.125,10.03190322580645
35.61975,-106.07968,35.5583,-106.1368,12.580645161290322,3.403377741935484
35.637283,-91.188906,35.67276,-91.19464,29.2,6.8914248387096775
35.641276,-77.360126,35.61512,-77.32379,20.5,6.779215806451613
35.642943,-117.715066,35.63514,-117.77499,6.032258064516129,1.5834517741935483
35.651349,-88.809578,35.63057,-88.79153,20.677419354838708,7.24805935483871
35.65188,-87.0096,35.70561,-87.0399,23.93548387096774,6.677737419354838
35.721095,-84.343035,35.75917,-84.34127,21.11290322580645,7.265458387096774
35.728889,-81.365556,35.71088,-81.37804,28.52777777777778,7.204547741935484
35.768847,-83.942152,35.82057,-83.9257,22.88888888888889,7.174785161290322
35.785665,-115.357087,35.73412,-115.34388,10.161290322580646,2.650029419354839
35.8145,-80.2627,35.77073,-80.27973,36.61111111111112,6.875841935483871
35.837638,-90.679516,35.86,-90.64384,29.0,8.920421612903226
35.856111,-78.574167,35.84027,-78.62932,37.583333333333336,7.246417419354838
35.8652,-78.8197,35.86195,-78.76031,21.90322580645161,7.322560967741936
35.880404,-109.438003,35.8963,-109.41235,5.0,1.178073741935484
35.912487,-82.062082,35.90851,-82.01427,18.032258064516128,4.1136458709677415
35.939078,-84.542802,35.8963,-84.58765,24.32258064516129,5.497545677419355
35.944601,-84.03598,35.94329,-84.03899,23.0,7.578647419354839
35.953708,-96.004975,35.92723,-95.99628,31.29032258064516,7.965917096774194
35.978074,-83.950666,35.92781,-83.90652,25.0,7.84530129032258
35.980675,-83.925773,35.92781,-83.90652,32.0,7.84530129032258
36.019186,-83.87381,36.03506,-83.88727,23.8,8.149660967741935
36.026612,-80.341962,36.00359,-80.36241,34.638888888888886,6.164742580645162
36.032955,-78.904037,35.9897,-78.86485,37.24390243902439,7.228064516129032
36.048705,-115.052942,36.01111,-115.00383,23.61290322580645,5.46055870967742
36.05266,-89.382157,36.10941,-89.41119,25.70967741935484,6.64779129032258
36.102244,-119.56565,36.06516,-119.55488,63.7948717948718,10.985340967741935
36.106389,-115.253333,36.07433,-115.29317,30.64516129032258,5.239634354838709
36.109006,-79.802314,36.13633,-79.78568,22.0,6.529942580645161
36.11094,-80.224501,36.09032,-80.20612,29.85,6.883686451612904
36.139707,-115.175654,36.09593,-115.16174,37.80645161290322,7.802938709677419
36.141875,-115.078742,36.11737,-115.03024,42.093023255813954,6.086087419354839
36.1424,-86.7341,36.1123,-86.71449,32.7037037037037,9.205888387096774
36.158414,-98.931973,36.13165,-98.94604,28.655172413793103,6.101252258064516
36.163962,-115.11393,36.22363,-115.05672,40.3421052631579,5.279367096774194
36.176382,-86.7389,36.21999,-86.69931,29.0,8.460333225806451
36.1797,-94.116827,36.21982,-94.11075,31.1,11.994258387096773
36.185702,-85.492107,36.21078,-85.48273,20.451612903225808,5.758763225806452
36.204902,-95.976537,36.25237,-95.99182,37.30434782608695,8.102567741935484
36.209286,-121.126371,36.18169,-121.11885,15.419354838709678,2.99494435483871
36.270592,-115.238282,36.30839,-115.21515,21.677419354838708,4.636677903225806
36.29756,-86.653137,36.3277,-86.68409,21.63888888888889,8.049195161290323
36.31567,-119.643447,36.27528,-119.62094,65.61290322580645,12.420275161290322
36.332179,-119.291228,36.35472,-119.22956,70.54545454545455,11.876284516129031
36.383359,-105.5839,36.36599,-105.56163,47.0,2.567682387096774
36.435172,-94.229248,36.4399,-94.23688,31.142857142857142,9.08569935483871
36.459691,-94.205662,36.4399,-94.23688,32.23076923076923,9.08569935483871
36.48187,-121.73333,36.48445,-121.78085,11.129032258064516,2.519618193548387
36.487823,-117.871036,36.50414,-117.88815,15.78048780487805,1.1401104516129033
36.514627,-87.328041,36.49492,-87.33881,25.41935483870968,7.041621935483871
36.538761,-82.521599,36.53075,-82.56903,26.225806451612904,7.7112925806451615
36.608,-82.1641,36.58559,-82.14767,25.7,5.613236774193549
36.60843,-83.73694,36.57141,-83.79021,27.4,5.064497419354838
36.634225,-120.382331,36.66414,-120.44254,29.923076923076923,6.396769612903226
36.694261,-121.623271,36.75155,-121.59306,17.36111111111111,3.954455741935484
36.697186,-97.08135,36.69053,-97.06761,32.32258064516129,9.097597096774193
36.72639,-119.733,36.69552,-119.75421,56.63636363636363,14.074882258064516
36.78538,-119.77321,36.80058,-119.78777,63.66666666666666,14.738599032258064
36.819449,-119.716433,36.82741,-119.65652,53.3235294117647,10.688914516129032
36.841883,-76.181233,36.84559,-76.15117,23.666666666666668,6.92434
36.843425,-121.3621,36.80923,-121.33202,15.612903225806452,3.997449580645161
36.85555,-76.30135,36.87017,-76.28318,23.0,7.236301935483871
36.91171,-87.323337,36.92621,-87.28123,25.5,6.757778387096774
36.91841,-95.632286,36.89852,-95.57597,27.12903225806452,7.252940322580645
36.953256,-120.034203,36.98361,-119.98668,48.18181818181818,10.177980322580645
36.98332,-121.98822,37.00647,-121.96374,28.0,4.918852806451612
36.985119,-119.658339,36.9325,-119.68999,31.692307692307693,7.134992838709677
36.985702,-94.83931,36.99643,-94.89493,30.096774193548388,8.418385161290322
36.999571,-121.574684,36.98953,-121.53481,27.258064516129032,4.764051935483871
37.04926,-86.21487,37.04386,-86.1713,31.066666666666663,6.760637419354839
37.05822,-88.57251,37.03396,-88.63221,35.02564102564103,7.815285806451613
37.06315,-122.083092,37.08133,-122.13148,26.925925925925927,3.0426852903225807
37.09798,-84.61152,37.10731,-84.65343,27.1,7.107947096774193
37.103733,-76.387017,37.10597,-76.35419,20.682926829268293,6.690443903225806
37.179125,-113.305096,37.14833,-113.3501,11.806451612903226,1.8300079677419356
37.256137,-93.299894,37.27975,-93.24982,25.8,8.236866451612903
37.281853,-120.433671,37.34869,-120.38752,56.58064516129032,7.614779677419356
37.28329,-83.20932,37.27415,-83.24733,23.8,5.689407129032258
37.28342,-79.88452,37.26245,-79.93062,18.8,6.910819677419355
37.297883,-80.081017,37.28263,-80.06456,23.8,5.917857096774193
37.30832,-120.480456,37.321,-120.51943,56.1,11.600423870967742
37.332706,-79.215011,37.37204,-79.20911,20.2,7.983650967741935
37.338135,-121.849783,37.37844,-121.81203,38.70967741935484,4.122782322580645
37.34438,-77.25925,37.37914,-77.25454,20.6,7.752032580645161
37.348497,-121.894898,37.34911,-121.94344,38.34146341463415,7.702902580645162
37.35748,-77.59355,37.3196,-77.55034,23.25,7.428954516129032
37.360684,-118.330783,37.3236,-118.26962,8.305555555555555,1.0466423225806452
37.47689,-97.366399,37.44928,-97.34163,26.77777777777778,6.958986451612903
37.4826,-82.53532,37.51174,-82.50943,26.65853658536585,5.977317
37.482934,-122.20337,37.52837,-122.14928,38.7,7.381492903225807
37.488317,-120.836008,37.47473,-120.8537,65.83333333333333,13.173020967741936
37.55652,-77.40027,37.50842,-77.3586,23.23076923076923,8.870103225806453
37.59088,-77.46925,37.6376,-77.46304,31.41025641025641,9.280557741935484
37.642165,-120.994212,37.65595,-121.05717,49.38461538461539,12.28833064516129
37.64571,-118.96652,37.64318,-118.92987,61.096774193548384,1.0311387096774194
37.651114,-97.362212,37.66626,-97.34266,39.8,9.096480645161291
37.67132,-77.5664,37.66067,-77.59694,25.2,8.54592935483871
37.67696,-95.47594,37.65596,-95.42391,30.387096774193548,6.714125483870967
37.687526,-121.784217,37.72111,-121.79091,34.83870967741935,6.742764838709678
37.70097,-94.03474,37.73741,-94.04969,24.318181818181817,6.927864516129032
37.701222,-121.903019,37.6918,-121.92295,32.32258064516129,6.973162322580645
37.705612,-85.852629,37.66375,-85.80137,33.93333333333333,8.318381935483872
37.743065,-122.169935,37.73708,-122.22425,29.64516129032258,7.52643870967742
37.74743,-113.055525,37.73989,-113.06789,14.903225806451612,1.5935489032258066
37.765946,-122.399044,37.81157,-122.39397,38.241379310344826,10.926354838709678
37.780776,-87.075307,37.77724,-87.02751,36.64102564102564,8.85250935483871
37.793392,-121.247874,37.83682,-121.26167,77.5,11.715319677419355
37.793624,-122.263376,37.84142,-122.2619,35.70967741935484,8.154897096774194
37.814781,-122.282347,37.84142,-122.2619,37.80645161290322,8.154897096774194
37.864767,-122.302741,37.84142,-122.2619,43.12903225806452,8.154897096774194
37.8712,-87.46375,37.92006,-87.42262,39.14634146341464,9.050553225806452
37.936013,-122.026154,37.90067,-121.99743,31.967741935483872,8.670966774193548
37.950741,-121.268523,37.94148,-121.29797,65.03225806451613,11.98055064516129
37.9604,-122.356811,37.94576,-122.29966,38.12903225806452,9.539810967741936
37.962069,-119.120278,37.93309,-119.16209,7.363636363636363,0.940484741935484
37.97231,-122.520004,38.02015,-122.46995,28.870967741935484,8.352927741935485
37.974436,-87.532289,37.93139,-87.55943,38.8,9.56840129032258
38.013333,-87.577222,38.03932,-87.54514,32.41463414634146,9.389975806451613
38.06091,-85.89804,38.1078,-85.87042,41.67741935483871,8.453387419354838
38.06503,-84.49761,38.07463,-84.48539,36.5,8.368406774193549
38.07657,-78.50397,38.0303,-78.481,25.0,8.427860967741935
38.082155,-88.624943,38.12426,-88.64273,36.0,7.801962258064516
38.102507,-122.237976,38.07988,-122.20499,46.5,10.656338387096774
38.167523,-86.983214,38.20865,-86.96702,38.7,8.537789032258065
38.176278,-89.788459,38.19875,-89.74278,30.161290322580644,8.392282258064517
38.182435,-85.574361,38.18862,-85.57949,44.125,9.255652580645162
38.1936,-85.7119,38.20214,-85.7165,44.3125,10.771841612903229
38.20185,-120.680277,38.18777,-120.66864,33.09090909090909,3.574678935483871
38.22876,-85.65452,38.20214,-85.7165,40.4390243902439,10.771841612903229
38.23158,-85.82678,38.2155,-85.85355,44.85714285714285,9.576529677419352
38.23887,-82.9881,38.22268,-82.92336,21.8,5.798546451612904
38.276099,-104.597613,38.28926,-104.54389,21.25,4.108183870967742
38.277719,-85.740111,38.30983,-85.69937,41.7,9.210308064516129
38.278849,-122.275024,38.28859,-122.28071,33.25806451612903,6.872762903225807
38.346258,-81.621161,38.38643,-81.62811,32.07692307692308,8.216344516129032
38.366183,-81.693717,38.38643,-81.62811,29.6,8.216344516129032
38.391799,-86.929668,38.42437,-86.93649,46.0,9.10286129032258
38.393822,-85.664118,38.41751,-85.68219,36.5,8.408632580645163
38.403765,-122.818294,38.40691,-122.75626,29.483870967741936,7.057007741935484
38.410242,-82.432436,38.38601,-82.47026,28.09090909090909,8.762434193548389
38.448672,-90.395904,38.45646,-90.4114,28.0,10.619743548387095
38.45934,-82.64041,38.40321,-82.60698,31.38235294117647,8.412103548387098
38.47753,-78.81952,38.52091,-78.77625,26.9,6.831826451612903
38.494475,-121.211131,38.5221,-121.21363,31.580645161290324,9.27767277419355
38.508075,-82.659241,38.52744,-82.72209,21.75,7.344796774193549
38.542551,-90.263711,38.55674,-90.26292,38.74193548387097,11.515033225806452
38.56844,-121.49311,38.56925,-121.518,47.2,17.58796548387097
38.587525,-76.141006,38.63474,-76.18682,22.806451612903224,6.059148387096774
38.593322,-121.503795,38.56925,-121.518,51.5,17.58796548387097
38.612034,-90.160477,38.65684,-90.11404,39.0,10.908709032258065
38.613779,-121.368014,38.5981,-121.38416,48.30303030303031,18.330914193548388
38.63114,-90.28115,38.66497,-90.25263,39.2258064516129,12.351052903225806
38.650329,-90.350313,38.67294,-90.39126,37.47222222222222,12.61718258064516
38.6539,-75.6106,38.64046,-75.61401,32.516129032258064,6.919286451612903
38.656429,-90.198348,38.66497,-90.25263,42.395348837209305,12.351052903225806
38.656479,-90.189868,38.66497,-90.25263,36.80645161290322,12.351052903225806
38.66121,-121.73269,38.6448,-121.68896,52.333333333333336,11.649481935483871
38.683304,-121.164457,38.65533,-121.11616,33.82258064516129,9.70667929032258
38.700632,-90.144763,38.65684,-90.11404,41.2,10.908709032258065
38.704534,-90.139675,38.65684,-90.11404,39.5,10.908709032258065
38.74643,-121.26498,38.73148,-121.2869,27.857142857142858,14.145291032258063
38.754599,-82.91701,38.77555,-82.95351,25.857142857142858,7.14551
38.75961,-94.57983,38.72649,-94.56522,24.32258064516129,8.344966451612903
38.76835,-77.18347,38.80334,-77.13624,37.67741935483871,10.45442129032258
38.770081,-99.763424,38.72035,-99.71289,16.3,5.793655161290323
38.77335,-77.10468,38.80334,-77.13624,28.580645161290324,10.45442129032258
38.838575,-94.746424,38.83781,-94.70077,22.807692307692307,9.299718709677418
38.848014,-104.828564,38.81153,-104.87924,18.29032258064516,2.0519540967741934
38.8577,-77.05922,38.90929,-77.106,30.5,10.309434193548388
38.860669,-90.105851,38.87327,-90.09293,39.77777777777778,9.642061290322582
38.875161,-77.012816,38.88564,-76.96989,25.90322580645161,10.624988387096774
38.8764,-107.6023,38.92666,-107.55656,19.41935483870968,2.764633225806452
38.89477,-76.953426,38.88564,-76.96989,31.12903225806452,10.624988387096774
38.895572,-76.958072,38.88564,-76.96989,27.32258064516129,10.624988387096774
38.897557,-119.732507,38.93221,-119.76976,31.451612903225808,2.7331947741935485
38.903085,-90.143168,38.87327,-90.09293,38.2,9.642061290322582
38.921847,-77.013178,38.88564,-76.96989,27.151515151515152,10.624988387096774
38.93568,-121.09959,38.89324,-121.05474,31.26923076923077,5.503011935483871
38.974457,-94.687013,38.94631,-94.69724,31.33333333333333,9.723417096774194
38.985477,-86.990419,38.97566,-86.9981,38.9,8.336180322580644
38.986672,-75.5568,38.95704,-75.51638,29.58620689655172,6.726257741935484
39.01893,-122.91333,39.0624,-122.85659,12.8,3.694078096774193
39.021221,-122.281803,39.07868,-122.28059,26.285714285714285,3.3683228387096773
39.021881,-84.47445,39.057,-84.45116,41.22857142857143,9.936113225806452
39.024265,-95.711275,39.07,-95.67194,39.483870967741936,8.237421935483871
39.02473,-77.48925,38.97928,-77.51483,28.7,9.879876129032258
39.044992,-87.258969,38.99917,-87.27571,42.2,8.293727096774195
39.047911,-94.450513,39.04896,-94.41428,32.55172413793103,11.673202258064515
39.055277,-76.878333,39.09743,-76.90874,26.53333333333333,9.696118387096774
39.063798,-108.561173,39.0499,-108.56064,44.888888888888886,4.270896774193548
39.101439,-90.344494,39.1059,-90.35061,35.83870967741935,8.333940645161292
39.104686,-94.57079,39.05197,-94.55399,30.29032258064516,11.660651935483871
39.10492,-84.55117,39.07185,-84.58962,41.0,9.894301612903226
39.114313,-77.106876,39.12115,-77.04523,24.451612903225808,9.483782903225809
39.117219,-94.635605,39.1633,-94.69014,32.55882352941177,9.303866774193548
39.12886,-84.50404,39.16449,-84.43189,39.78260869565217,10.15132129032258
39.138773,-121.618549,39.12118,-121.5696,45.689655172413794,13.96027
39.14313,-76.84611,39.20332,-76.87804,28.193548387096776,9.422766451612905
39.1447,-119.7661,39.16939,-119.70356,27.52777777777778,4.163322322580646
39.146025,-84.538375,39.17937,-84.57056,44.97222222222222,9.808129354838709
39.15047,-123.20655,39.20929,-123.20409,40.16129032258065,3.5773386451612903
39.155,-75.518056,39.16804,-75.45081,24.6,7.054702580645161
39.159383,-86.504762,39.15479,-86.55002,31.07692307692308,8.95968870967742
39.18919,-121.99887,39.13798,-122.0115,31.4,6.143391548387096
39.19433,-84.478974,39.16449,-84.43189,39.23076923076923,10.15132129032258
39.233477,-121.055608,39.23588,-121.02947,28.058823529411764,3.024820612903226
39.237457,-85.891332,39.19818,-85.83833,27.483870967741936,8.90537129032258
39.278117,-80.34225,39.30239,-80.28593,28.444444444444443,7.998670967741935
39.2787,-84.36625,39.27198,-84.41256,38.03225806451613,10.002991935483871
39.28102,-78.08157,39.30517,-78.14039,28.53333333333333,7.0538816129032265
39.297733,-76.604603,39.26114,-76.57375,31.4390243902439,10.317322903225808
39.303174,-94.377014,39.26593,-94.40631,29.0,10.258582903225808
39.305021,-75.797317,39.34942,-75.8271,25.90322580645161,7.073368709677419
39.310833,-76.474444,39.34262,-76.40567,35.4,8.58896129032258
39.323533,-81.552367,39.36749,-81.55379,32.77777777777778,8.587894838709678
39.32783,-120.184592,39.29824,-120.18058,25.7,1.947140483870968
39.33839,-84.5666,39.28688,-84.55145,42.2,9.399829677419357
39.36326,-74.431,39.30134,-74.39766,24.1,5.532092580645161
39.399837,-119.739606,39.37969,-119.77299,19.64516129032258,3.150486870967742
39.410191,-76.296946,39.42387,-76.2372,28.677419354838708,7.784843870967742
39.41174,-123.35264,39.41737,-123.284,35.035714285714285,2.196754580645161
39.422273,-75.025204,39.43294,-75.07862,29.166666666666668,7.63296935483871
39.43806,-108.02611,39.42685,-108.05665,14.806451612903226,2.5511812258064515
39.442165,-81.908827,39.42183,-81.96919,33.8,6.438239032258064
39.448105,-77.963845,39.49504,-77.94481,34.0,11.039438387096771
39.460478,-76.633543,39.4969,-76.64816,30.484848484848484,7.851300967741936
39.464872,-74.448736,39.4332,-74.49926,25.70731707317073,7.0095858064516126
39.472436,-84.394952,39.48696,-84.37373,49.8,10.085271935483872
39.478686,-84.397112,39.48696,-84.37373,46.55555555555556,10.085271935483872
39.479822,-84.409617,39.48696,-84.37373,44.11111111111112,10.085271935483872
39.481483,-80.134667,39.49579,-80.09623,29.33333333333333,6.823381935483871
39.485987,-87.401312,39.44237,-87.35541,34.611111111111114,8.999415161290322
39.49072,-84.36374,39.48696,-84.37373,44.8,10.085271935483872
39.525083,-119.807717,39.48482,-119.80786,29.58333333333333,4.771182258064516
39.534488,-105.070358,39.55877,-105.1048,16.76923076923077,4.140685483870969
39.540917,-119.746761,39.5117,-119.67159,40.903225806451616,3.554318096774194
39.5513,-75.732,39.56059,-75.7621,30.8125,8.161476774193549
39.564178,-77.720244,39.57849,-77.77778,29.64516129032258,8.943974516129034
39.57768,-75.6036,39.53538,-75.62521,26.93548387096774,7.934405483870967
39.604399,-105.019526,39.56836,-104.96458,19.6,6.774099677419354
39.621434,-119.71877,39.61686,-119.70638,19.4,3.905022903225807
39.63551,-109.43128,39.62421,-109.3667,2.290322580645161,1.3588732258064515
39.649367,-79.920867,39.68887,-79.90547,28.0,7.656693870967741
39.691962,-75.761299,39.66616,-75.72945,31.6,8.390874193548386
39.702982,-75.864771,39.69125,-75.86664,25.580645161290324,7.605411935483871
39.70595,-79.012,39.67061,-79.04807,25.161290322580644,5.232888064516128
39.73217,-105.0153,39.78457,-104.9893,36.096774193548384,10.52936258064516
39.738578,-104.939925,39.78457,-104.9893,29.774193548387096,10.52936258064516
39.739444,-75.558056,39.74644,-75.55942,33.66101694915254,8.635572258064517
39.741694,-94.858584,39.70846,-94.81324,36.32203389830509,9.29057935483871
39.744993,-86.166464,39.77615,-86.17226,46.5,10.14572870967742
39.751184,-104.987625,39.78457,-104.9893,32.01538461538462,10.52936258064516
39.755969,-84.198674,39.7942,-84.17517,40.36486486486486,9.538396774193547
39.758855,-86.115415,39.77615,-86.17226,43.4,10.14572870967742
39.761111,-75.491944,39.74644,-75.55942,29.77777777777778,8.635572258064517
39.76168,-121.84047,39.74848,-121.79578,44.51851851851852,7.399700419354839
39.774979,-86.12202,39.77615,-86.17226,43.7,10.14572870967742
39.77949,-105.00518,39.78457,-104.9893,32.8780487804878,10.52936258064516
39.7861,-104.9886,39.78457,-104.9893,45.80645161290322,10.52936258064516
39.787933,-86.13088,39.77615,-86.17226,48.82051282051282,10.14572870967742
39.788903,-86.214628,39.77615,-86.17226,39.97826086956522,10.14572870967742
39.800339,-75.212119,39.80082,-75.25172,26.7,8.992026129032258
39.80933,-80.26567,39.85572,-80.29565,23.86206896551724,6.098660967741936
39.810833,-86.114444,39.77615,-86.17226,37.80487804878049,10.14572870967742
39.81336,-120.47069,39.79551,-120.49545,87.9090909090909,3.1175914516129035
39.818715,-75.413973,39.82646,-75.38899,27.41935483870968,9.368762903225806
39.82835,-104.93836,39.78457,-104.9893,39.94444444444444,10.52936258064516
39.831921,-89.644164,39.83012,-89.71455,38.81481481481482,9.46000612903226
39.834461,-75.768242,39.90244,-75.80144,35.94285714285714,7.763907741935484
39.835556,-75.3725,39.82646,-75.38899,53.66666666666666,9.368762903225806
39.83562,-84.720524,39.85393,-84.735,36.97560975609756,8.170108064516128
39.866834,-88.925594,39.88305,-88.85741,43.935483870967744,11.844779032258064
39.915961,-80.733858,39.91449,-80.71295,39.2,7.901038709677419
39.917663,-79.805499,39.90208,-79.85256,24.41935483870968,6.921106774193548
39.92002,-77.30968,39.93335,-77.24382,30.0,6.84997129032258
39.922867,-75.186921,39.90624,-75.21819,30.25925925925926,10.314386129032258
39.928531,-82.980105,39.88129,-83.01527,45.1,10.123523548387096
39.928804,-86.078775,39.8709,-86.01506,51.7,9.339564838709675
39.92882,-83.80949,39.97812,-83.85492,40.47368421052632,8.761436451612903
39.934559,-75.125219,39.8804,-75.08081,39.27906976744186,9.455299677419356
39.939567,-120.944376,39.92112,-120.9782,62.11764705882353,2.420838225806452
39.960048,-75.142614,40.01165,-75.18455,27.724137931034484,9.984023870967745
39.960884,-85.939546,39.97862,-85.99799,35.096774193548384,9.473237096774191
39.965278,-76.699444,39.94425,-76.66044,30.61290322580645,8.919984838709677
39.9679,-80.7464,39.91449,-80.71295,34.0,7.901038709677419
39.988842,-75.207205,40.01165,-75.18455,33.111111111111114,9.984023870967745
39.989036,-75.050008,39.98577,-75.04698,19.625,9.883485483870968
39.991389,-75.080833,39.98577,-75.04698,35.486486486486484,9.883485483870968
39.994908,-74.170447,40.03738,-74.15343,24.35483870967742,7.660784838709677
40.002707,-82.994424,39.98853,-82.99355,41.3,10.499262258064515
40.009544,-85.52347,40.04622,-85.55872,39.6,7.993019677419356
40.021097,-105.263382,39.98132,-105.29632,22.4,2.632039806451613
40.043833,-76.1124,40.05793,-76.04453,42.14516129032258,8.395484193548388
40.046667,-76.283333,40.10722,-76.32078,35.828125,9.22402193548387
40.05278,-88.37251,40.06923,-88.40834,37.29268292682927,8.856884838709677
40.054171,-74.985166,40.09113,-75.01305,34.333333333333336,9.577042258064516
40.086944,-108.761389,40.12624,-108.74068,30.483870967741936,2.08375164516129
40.0877,-82.959773,40.09575,-82.97178,45.8,10.01410064516129
40.11107,-83.065415,40.11235,-83.11198,46.375,9.664244516129031
40.112222,-75.309167,40.14281,-75.28868,29.483870967741936,9.07902064516129
40.114876,-80.700972,40.12804,-80.66235,34.666666666666664,8.283118709677419
40.123886,-88.240553,40.16692,-88.25357,38.2,9.75792870967742
40.125703,-85.652184,40.16743,-85.68176,34.964285714285715,8.214693548387098
40.136378,-111.657936,40.13481,-111.61103,32.604651162790695,4.140516451612903
40.146667,-79.902222,40.13558,-79.93874,29.782608695652176,8.94689322580645
40.164576,-105.100856,40.21695,-105.03921,34.09756097560975,8.96949064516129
40.17093,-122.25556,40.2116,-122.2609,25.814814814814813,5.527405193548387
40.199502,-85.387908,40.24776,-85.38198,41.9,8.354049999999999
40.209387,-104.82405,40.23579,-104.75603,35.1,10.503061612903227
40.222411,-74.763167,40.27565,-74.80682,34.65217391304348,8.320354516129033
40.246528,-77.18675,40.25119,-77.15183,39.04918032786885,7.416232903225807
40.246992,-76.846988,40.20385,-76.87443,36.95238095238095,8.580922580645161
40.268963,-80.243995,40.28242,-80.19166,32.51724137931034,8.968257741935483
40.283092,-74.742613,40.27565,-74.80682,30.633333333333333,8.320354516129033
40.294178,-110.009732,40.31587,-110.0658,45.41935483870968,3.790093225806452
40.294341,-79.885331,40.34877,-79.88559,29.2,10.848692258064515
40.304694,-79.505667,40.28709,-79.4664,28.107142857142858,8.196113548387096
40.309722,-78.915,40.30893,-78.88051,40.04651162790697,7.5396932258064515
40.323768,-79.868062,40.34877,-79.88559,42.25373134328358,10.848692258064515
40.332933,-80.933401,40.27333,-80.91678,33.6,7.187001290322581
40.337328,-76.383447,40.34309,-76.39524,34.81967213114754,8.131596774193548
40.341023,-80.596635,40.34155,-80.61145,44.1,8.929483548387097
40.341389,-111.713611,40.34902,-111.65662,40.40909090909091,3.288257741935484
40.3663,-80.6158,40.34155,-80.61145,31.285714285714285,8.929483548387097
40.375644,-80.169943,40.38907,-80.16546,30.1,8.62286193548387
40.38335,-75.9686,40.37481,-75.94688,36.03278688524591,9.033326451612902
40.394651,-80.611813,40.34155,-80.61145,29.58333333333333,8.929483548387097
40.400959,-91.391012,40.35554,-91.37217,42.1,8.898660967741936
40.402328,-79.860973,40.45535,-79.85889,38.22222222222222,10.07439129032258
40.414877,-104.70693,40.452,-104.78034,37.354838709677416,12.561198709677418
40.427372,-80.592318,40.44828,-80.58588,29.8,8.511174193548388
40.431639,-86.8525,40.37774,-86.79472,35.806451612903224,9.559146774193549
40.43743,-79.863572,40.45535,-79.85889,40.064516129032256,10.07439129032258
40.445278,-80.420833,40.42871,-80.44566,38.55172413793103,7.531962580645161
40.462182,-74.429439,40.43325,-74.46125,29.58974358974359,7.850181935483871
40.46471,-109.561472,40.4842,-109.52152,36.70967741935484,3.3713929032258068
40.46542,-79.960757,40.47562,-79.99899,41.25757575757576,10.099176129032257
40.481347,-86.109688,40.42257,-86.07062,28.967741935483872,8.732284516129033
40.496392,-112.036298,40.5279,-111.98424,26.548387096774192,4.726117419354838
40.499767,-80.071337,40.49571,-80.13918,38.19512195121951,8.946411290322581
40.515262,-74.806671,40.51244,-74.87628,31.032258064516128,7.825526129032258
40.518735,-88.996896,40.55072,-89.06518,42.32258064516129,9.31381258064516
40.535278,-78.370833,40.56244,-78.3757,37.3448275862069,6.581717419354839
40.55013,-122.38092,40.52455,-122.3784,47.4,7.332869032258064
40.571288,-105.079693,40.54118,-105.07704,29.90322580645161,8.817034516129032
40.598056,-111.894167,40.65268,-111.86665,46.89655172413793,5.091263548387097
40.600532,-112.353414,40.59892,-112.28959,35.0188679245283,2.6477442903225805
40.603943,-74.276174,40.61679,-74.25253,27.571428571428573,9.04480870967742
40.606624,-80.021669,40.58221,-79.97243,30.6,8.784911612903226
40.611944,-75.4325,40.61576,-75.43111,35.827586206896555,8.86428
40.617488,-79.727664,40.64799,-79.66482,42.8,7.866239032258064
40.628056,-75.341111,40.59017,-75.29225,31.84,8.012730967741936
40.63307,-74.13719,40.58984,-74.11411,27.3,8.206224193548387
40.64144,-74.208365,40.61679,-74.25253,36.540983606557376,9.04480870967742
40.662878,-111.901188,40.65268,-111.86665,50.67741935483871,5.091263548387097
40.695078,-92.006318,40.712,-92.05984,35.0,8.163902580645162
40.697007,-89.584737,40.69535,-89.62288,38.54838709677419,10.116807741935483
40.712146,-112.111275,40.72399,-112.17243,43.75409836065574,3.3188374193548387
40.71436,-73.99518,40.66774,-73.93996,35.3,11.515779032258065
40.71961,-73.94771,40.66774,-73.93996,29.4,11.515779032258065
40.720989,-74.192892,40.72189,-74.21707,32.87179487179487,8.967412903225807
40.725413,-74.052293,40.6949,-74.07846,31.696969696969692,9.531473225806453
40.73,-73.984,40.66774,-73.93996,32.3,11.515779032258065
40.73614,-73.82153,40.7454,-73.7654,23.440677966101696,9.551025483870967
40.736389,-111.872222,40.75971,-111.88998,48.04347826086956,5.573499677419355
40.739264,-73.817694,40.7454,-73.7654,34.0,9.551025483870967
40.74529,-73.41919,40.79507,-73.45189,24.5,6.992837741935484
40.747796,-80.316442,40.74878,-80.36783,38.706896551724135,7.851621612903226
40.770908,-74.036218,40.79995,-74.04269,24.1,10.201122580645162
40.770944,-84.0539,40.7609,-83.99387,43.0,8.38230741935484
40.77678,-124.17949,40.80853,-124.13103,33.2,4.013536870967742
40.78422,-111.931,40.75971,-111.88998,52.63855421686747,5.573499677419355
40.786804,-81.394153,40.77605,-81.37997,40.13333333333333,9.721592580645162
40.787628,-74.676301,40.80191,-74.63356,23.0,6.303552903225807
40.7997,-73.93432,40.77275,-73.90399,27.33333333333333,12.74229935483871
40.800717,-81.373,40.77605,-81.37997,38.8780487804878,9.721592580645162
40.811389,-77.877028,40.81378,-77.86719,42.83870967741935,7.672040645161291
40.812591,-96.683314,40.81322,-96.64167,27.0,9.881972903225806
40.814183,-79.56475,40.86102,-79.61043,28.258064516129032,6.867277096774194
40.816,-73.902,40.77275,-73.90399,31.846153846153847,12.74229935483871
40.852256,-73.973314,40.90498,-74.00682,28.285714285714285,8.91260935483871
40.85355,-73.96618,40.90498,-74.00682,39.53846153846154,8.91260935483871
40.8679,-73.87809,40.87774,-73.86792,30.8,10.45872806451613
40.902967,-111.884467,40.86674,-111.91337,36.84905660377358,4.946068387096775
40.918381,-74.168092,40.93205,-74.14584,30.714285714285715,8.557106451612905
40.92458,-75.067815,40.88047,-75.05101,32.24390243902439,6.597534193548388
40.942099,-98.364967,40.9145,-98.36372,24.1,8.67332322580645
40.969112,-95.044951,41.01506,-95.05916,33.3,7.27907
41.0604,-81.9239,41.0629,-81.89771,35.189189189189186,8.493895483870968
41.063526,-81.468956,41.00832,-81.47242,38.72727272727273,9.18625258064516
41.08536,-104.52277,41.11887,-104.56732,12.655172413793103,3.513780193548387
41.087862,-81.541532,41.13359,-81.58984,41.66666666666666,8.805217096774193
41.094965,-85.101816,41.0944,-85.09244,45.41935483870968,9.316110645161292
41.09596,-80.65847,41.12749,-80.71397,34.4,9.075420322580646
41.111111,-80.645278,41.12749,-80.71397,42.75,9.075420322580646
41.133294,-95.956103,41.13433,-95.91994,38.32258064516129,9.306109032258064
41.136846,-104.818239,41.10049,-104.85419,9.25,4.426762903225806
41.1644,-81.2352,41.20349,-81.28135,34.25,8.457304838709677
41.169646,-85.629292,41.14973,-85.66365,25.07692307692308,7.864433225806452
41.170833,-73.194722,41.18633,-73.16488,28.944444444444443,7.361031290322581
41.182227,-104.778334,41.21783,-104.72299,6.104166666666667,3.2937747741935484
41.197847,-96.056686,41.24399,-96.06245,31.571428571428573,9.862343870967742
41.206321,-111.975524,41.18775,-111.984,44.92982456140351,5.133812580645161
41.215014,-80.484779,41.21476,-80.54641,34.87096774193548,8.631557096774193
41.221537,-88.190967,41.25717,-88.25853,40.064516129032256,8.876496451612903
41.23172,-80.80116,41.25349,-80.83021,30.390243902439025,8.878847419354837
41.247486,-95.973142,41.24278,-95.91822,29.317073170731707,9.57168258064516
41.264171,-95.896124,41.24278,-95.91822,33.857142857142854,9.57168258064516
41.3014,-72.902871,41.36751,-72.95039,30.49122807017544,6.684641612903225
41.311586,-105.591725,41.2675,-105.59785,17.3,2.153978580645161
41.35362,-72.07882,41.29883,-72.07665,25.0,5.906918064516129
41.39629,-81.818667,41.38376,-81.82597,32.2,8.783302903225808
41.399167,-73.443056,41.34707,-73.40645,35.41935483870968,5.976089032258065
41.400968,-91.067957,41.43126,-91.13831,39.833333333333336,8.420414516129032
41.4069,-91.0616,41.42419,-90.99399,38.5,8.674092258064515
41.419429,-91.070975,41.43126,-91.13831,36.8,8.420414516129032
41.44013,-81.494833,41.45425,-81.51659,37.825,8.970747741935485
41.442778,-75.623056,41.43011,-75.61481,22.9,7.706126451612903
41.446624,-81.662356,41.47255,-81.65922,38.2,9.559734838709678
41.463071,-82.114261,41.41947,-82.11117,34.82608695652174,8.706219999999998
41.471782,-81.656792,41.47255,-81.65922,44.0,9.559734838709678
41.477011,-81.682383,41.47255,-81.65922,36.42105263157895,9.559734838709678
41.492117,-81.678449,41.47255,-81.65922,43.87755102040816,9.559734838709678
41.492707,-112.018863,41.50865,-112.05531,49.320754716981135,3.7503487096774193
41.49511,-71.423705,41.49264,-71.40162,16.129032258064516,5.21623064516129
41.49916,-74.00885,41.45713,-73.96581,24.2,6.272618387096774
41.512077,-90.624044,41.5177,-90.69542,40.354838709677416,9.388713548387097
41.514727,-90.51735,41.51009,-90.55096,38.85714285714285,10.031945806451612
41.526885,-88.116474,41.57042,-88.07252,42.16129032258065,9.541566129032258
41.530011,-90.587611,41.51009,-90.55096,41.58695652173913,10.031945806451612
41.550556,-73.043611,41.50049,-73.05226,31.5,6.349666774193548
41.551211,-96.146175,41.57033,-96.20288,29.571428571428573,8.05858129032258
41.55523,-81.575256,41.57944,-81.63486,32.77777777777778,7.857982903225806
41.573282,-87.406579,41.51511,-87.35194,43.18181818181818,10.778310967741936
41.592536,-109.220852,41.60304,-109.2898,25.6,4.146103225806452
41.594427,-87.495044,41.63435,-87.48082,43.05,14.136602258064515
41.598473,-87.342947,41.62293,-87.33657,38.86666666666667,12.549658387096772
41.603159,-93.643118,41.63356,-93.5902,30.107526881720432,9.923780322580644
41.603517,-93.7479,41.63754,-93.73518,34.5,9.684687096774194
41.606662,-87.304943,41.62293,-87.33657,36.375,12.549658387096772
41.615237,-71.72,41.5526,-71.67998,16.620689655172413,5.361447096774193
41.6175,-87.199167,41.61134,-87.19238,37.64516129032258,14.18111258064516
41.62057,-83.64226,41.60382,-83.68489,37.85714285714285,8.447917096774193
41.635952,-87.442017,41.63435,-87.48082,43.55555555555556,14.136602258064515
41.644067,-83.54616,41.58791,-83.54148,39.3,9.337576451612904
41.644722,-76.939167,41.65101,-76.88477,15.766666666666667,5.291356129032258
41.657155,-85.968446,41.62008,-86.02319,30.483870967741936,8.790769677419355
41.657232,-91.503478,41.66793,-91.5541,44.1578947368421,9.76258193548387
41.670992,-87.732457,41.65668,-87.76945,28.666666666666668,10.829028709677418
41.679867,-83.4785,41.69514,-83.52006,37.77777777777778,9.064986774193548
41.685707,-71.169235,41.67061,-71.1815,28.35483870967742,6.037915161290322
41.687165,-87.539315,41.63435,-87.48082,41.92857142857143,14.136602258064515
41.69666,-86.214722,41.7407,-86.14993,41.333333333333336,9.308836129032258
41.705226,-76.512726,41.70877,-76.56952,32.58064516129032,5.368345483870968
41.707212,-86.891216,41.69539,-86.88804,37.1,9.03424806451613
41.726811,-81.242156,41.75623,-81.29945,28.4,7.030231935483871
41.726892,-122.633579,41.70092,-122.67911,43.16129032258065,2.441369387096774
41.7514,-87.713488,41.76453,-87.75472,32.666666666666664,12.43885129032258
41.771071,-88.152534,41.79679,-88.18871,44.22222222222222,9.869819032258064
41.771444,-72.679923,41.75741,-72.65807,29.4,8.233201935483871
41.782766,-87.805377,41.76453,-87.75472,45.1,12.43885129032258
41.784717,-88.329374,41.8072,-88.33346,35.30769230769231,9.488380645161287
41.784722,-72.631667,41.75741,-72.65807,28.416666666666668,8.233201935483871
41.80118,-87.832349,41.77546,-87.89934,40.93333333333333,10.454480645161292
41.807469,-71.412968,41.83522,-71.42005,27.870967741935484,7.804904838709677
41.821342,-73.297257,41.76616,-73.2572,13.333333333333334,5.187992580645161
41.823283,-90.211982,41.81874,-90.22984,42.8,9.036697096774194
41.829495,-71.417457,41.83522,-71.42005,34.54838709677419,7.804904838709677
41.841039,-71.36097,41.83522,-71.42005,25.2,7.804904838709677
41.842649,-111.852199,41.86502,-111.84019,56.7890625,3.1275848387096774
41.864426,-87.748902,41.87238,-87.73994,38.4,11.507269354838709
41.867331,-75.686219,41.87712,-75.62061,28.032258064516128,5.432038064516129
41.874668,-71.379971,41.83522,-71.42005,25.142857142857142,7.804904838709677
41.874999,-90.177574,41.92683,-90.21899,38.9,7.956767096774194
41.876853,-103.656561,41.82672,-103.62509,19.22222222222222,4.885287741935484
41.912739,-87.722673,41.87238,-87.73994,36.0,11.507269354838709
41.965193,-87.876265,41.99117,-87.87018,45.22222222222222,10.848182903225808
41.965485,-87.749928,41.98021,-87.72511,37.75,10.874628064516129
41.97677,-91.68766,41.99899,-91.67348,36.49484536082474,10.350328064516129
41.995568,-83.946559,41.95701,-83.90945,35.87096774193548,7.49254129032258
42.050403,-88.280015,42.02301,-88.30567,36.7,9.150203225806452
42.060285,-87.863225,42.09901,-87.85552,41.25806451612903,9.83753
42.065106,-71.012129,42.08672,-71.01777,29.025,7.257348064516129
42.082222,-111.864167,42.07891,-111.88766,48.67741935483871,3.5635461290322583
42.09142,-77.20978,42.03923,-77.21577,23.875,5.343393225806451
42.120229,-72.584503,42.07095,-72.54214,32.025,8.794130322580646
42.139996,-87.799227,42.09901,-87.85552,37.29268292682927,9.83753
42.14175,-80.038611,42.1344,-80.02206,30.06451612903226,7.436731612903226
42.189215,-120.353969,42.19145,-120.29093,47.833333333333336,1.121595258064516
42.190296,-121.731369,42.25088,-121.67683,50.44444444444444,1.8438495806451611
42.19438,-72.555112,42.17542,-72.50326,15.450980392156865,8.417693548387097
42.221442,-88.242207,42.23876,-88.27771,32.4,8.772575483870968
42.22862,-83.2082,42.21487,-83.26723,34.46153846153846,8.62154870967742
42.240565,-83.599602,42.24715,-83.55666,41.76923076923077,8.324686451612902
42.263955,-71.794322,42.2672,-71.86069,31.94736842105263,6.743442580645161
42.267,-89.08917,42.29795,-89.15266,41.66666666666666,8.604510322580646
42.278067,-85.54189,42.22533,-85.48158,35.46666666666667,8.043739032258065
42.295824,-83.129431,42.30557,-83.10033,40.74193548387097,10.253946451612904
42.298493,-72.334079,42.25088,-72.32317,41.96774193548387,6.133685161290322
42.302786,-83.10653,42.30557,-83.10033,44.95121951219512,10.253946451612904
42.306674,-83.148754,42.30557,-83.10033,42.5,10.253946451612904
42.312078,-83.103469,42.30557,-83.10033,42.25806451612903,10.253946451612904
42.312158,-83.091943,42.30557,-83.10033,39.32258064516129,10.253946451612904
42.325186,-71.056061,42.3252,-71.07571,35.24390243902439,9.726714516129032
42.3295,-71.0826,42.3252,-71.07571,33.34146341463415,9.726714516129032
42.33155,-122.880266,42.3252,-122.92429,43.333333333333336,5.234659677419355
42.348873,-71.097163,42.3252,-71.07571,15.625,9.726714516129032
42.421502,-83.425042,42.44538,-83.36817,33.9,9.006789677419356
42.43084,-83.000138,42.39603,-82.93298,32.7,8.962145483870968
42.434139,-123.348466,42.47161,-123.28884,64.2,4.2680077419354845
42.448009,-73.254108,42.45033,-73.31333,13.11111111111111,5.72460064516129
42.452299,-73.239648,42.45033,-73.31333,22.35135135135135,5.72460064516129
42.463063,-83.183199,42.4291,-83.22303,32.1,9.544733548387097
42.474642,-70.970816,42.5331,-70.99297,24.580645161290324,7.913490322580645
42.49963,-79.31881,42.47787,-79.33559,24.0,5.833387096774194
42.499844,-96.394755,42.5466,-96.33831,33.4,8.077720967741936
42.501543,-92.316017,42.46146,-92.37209,36.5,9.039004193548388
42.50472,-87.8093,42.53022,-87.79646,34.16129032258065,8.906976774193549
42.529999,-108.720003,42.53391,-108.72001,6.516129032258065,0.8262799032258065
42.605816,-72.596689,42.65078,-72.63029,33.97560975609756,5.613049677419355
42.612085,-71.306986,42.59394,-71.27529,29.125,7.940786129032258
42.64225,-73.75464,42.63814,-73.7022,35.69565217391305,6.897540322580645
42.68,-114.2525,42.64627,-114.25939,14.03225806451613,3.3414096774193545
42.68075,-73.75733,42.63814,-73.7022,22.4,6.897540322580645
42.69302,-90.69813,42.71445,-90.73007,38.2258064516129,6.795018064516129
42.702223,-73.110414,42.73614,-73.05685,25.677419354838708,4.51507129032258
42.731394,-82.793463,42.71711,-82.86479,30.6,8.209212903225806
42.751518,-96.707208,42.7648,-96.77872,26.03448275862069,6.923054193548387
42.761387,-84.562779,42.78399,-84.49135,35.55555555555556,8.230979677419354
42.767786,-86.148577,42.72194,-86.13826,36.4,6.900132258064516
42.770837,-71.10229,42.77149,-71.05121,21.83783783783784,7.223675161290322
42.842168,-108.736281,42.85613,-108.77701,50.66666666666666,1.276725677419355
42.851064,-106.325088,42.84239,-106.39528,10.625,1.6785789032258065
42.86183,-71.878626,42.84739,-71.94317,13.24390243902439,5.045083225806452
42.862531,-71.38014,42.83217,-71.33459,20.682926829268293,8.13824935483871
42.869824,-109.87076,42.86115,-109.82159,21.29032258064516,1.3884744838709675
42.876907,-78.809526,42.83899,-78.78676,29.22222222222222,7.786160967741936
42.88759,-73.24984,42.89686,-73.30379,26.096774193548388,5.227679677419355
42.894451,-85.852734,42.91072,-85.80942,33.7,8.142993870967741
42.921107,-78.765825,42.94511,-78.75732,35.42857142857143,8.789522580645162
42.930521,-72.272332,42.90603,-72.22768,24.666666666666668,5.6430816129032255
42.930708,-87.931983,42.97213,-87.88383,33.16129032258065,9.271571290322582
42.93257,-87.93434,42.97213,-87.88383,41.41935483870968,9.271571290322582
42.953336,-82.456229,43.00399,-82.50346,34.5,7.749074838709677
42.984173,-85.671339,43.00477,-85.6443,32.4,8.407377741935484
42.99328,-78.77153,42.94511,-78.75732,26.8,8.789522580645162
43.01724,-87.93369,42.97213,-87.88383,29.87804878048781,9.271571290322582
43.020075,-88.21507,42.99347,-88.17841,39.22222222222222,9.998247419354838
43.047224,-83.670159,43.02895,-83.69684,31.956521739130437,7.717426774193548
43.05235,-76.05921,43.05634,-75.99567,24.45945945945946,7.013593870967743
43.060975,-87.913504,43.07986,-87.86899,35.354838709677416,9.206063225806451
43.0733,-89.4358,43.08083,-89.50619,37.29032258064516,8.066015161290322
43.075371,-70.748017,43.0524,-70.78384,24.33333333333333,7.883908387096774
43.081667,-107.549444,43.07006,-107.62047,9.225806451612904,1.2237196451612902
43.10101,-89.35768,43.07182,-89.35849,36.138888888888886,8.894839032258064
43.123704,-94.693518,43.17686,-94.69895,30.5,7.2476770967741935
43.145013,-77.55728,43.0844,-77.50656,28.714285714285715,6.7249945161290325
43.14618,-77.54817,43.0844,-77.50656,22.05128205128205,6.7249945161290325
43.42542,-105.388566,43.45527,-105.4343,2.838709677419355,1.5414723225806453
43.4351,-89.67979,43.4133,-89.61784,27.105263157894736,6.327923225806451
43.45776,-110.79799,43.4088,-110.83218,21.9,1.6340499032258065
43.46611,-88.62111,43.45527,-88.5657,34.80555555555556,7.169707741935484
43.48256,-110.74526,43.5321,-110.70729,13.607142857142858,1.7070439032258065
43.4983,-87.8102,43.51059,-87.80913,30.93548387096774,6.289498709677419
43.54792,-96.700769,43.52221,-96.62696,18.26829268292683,7.437142903225807
43.55764,-103.48386,43.57074,-103.50125,7.419354838709677,1.7843560645161292
43.566122,-71.496335,43.54629,-71.51507,12.714285714285714,6.230174193548387
43.571391,-83.890721,43.59573,-83.88346,26.7,6.78900935483871
43.58031,-116.562676,43.63615,-116.50648,27.9,7.138584516129033
43.58925,-119.04872,43.53507,-119.08115,66.41463414634147,2.381144516129032
43.600699,-116.347853,43.55336,-116.32882,24.6,5.527409774193549
43.608056,-72.982778,43.62861,-73.03407,36.77777777777778,7.473379677419355
43.629605,-72.309499,43.58975,-72.27409,26.70967741935484,6.089043225806452
43.6483,-105.2133,43.69048,-105.16411,9.96774193548387,2.4553351612903227
43.660246,-70.268965,43.61217,-70.24229,38.28947368421053,9.547009677419354
43.677994,-70.256178,43.61217,-70.24229,36.25,9.547009677419354
43.744352,-122.480487,43.78411,-122.4239,65.9,1.487803612903226
43.74561,-101.941218,43.7531,-101.86893,9.387096774193548,3.0823966129032256
43.7775,-91.2269,43.82309,-91.22491,35.25806451612903,8.00434064516129
43.799501,-123.053487,43.76709,-123.04106,41.8,3.479475451612903
43.996908,-92.450366,43.98034,-92.41507,36.8780487804878,10.614983548387096
44.026312,-123.083737,43.97453,-123.12599,35.333333333333336,10.405574516129033
44.067224,-123.141352,44.0782,-123.16866,43.1,11.590215806451614
44.078352,-103.22824,44.12531,-103.25465,20.4,3.029522870967742
44.087397,-103.273777,44.12531,-103.25465,24.41935483870968,3.029522870967742
44.089406,-70.214219,44.05753,-70.21162,27.416666666666668,10.405519677419354
44.097074,-105.343164,44.11143,-105.3681,2.5161290322580645,2.409250967741936
44.299787,-120.844773,44.31129,-120.91053,35.3,4.831283225806452
44.307,-86.242649,44.25172,-86.186,18.22222222222222,4.163603806451613
44.30738,-88.39509,44.31662,-88.45373,25.526315789473685,8.260115483870967
44.310555,-84.891865,44.35768,-84.94955,23.225806451612904,4.229680322580645
44.312319,-69.786717,44.30431,-69.79102,28.625,9.312620322580646
44.348604,-96.807299,44.38759,-96.77319,19.29032258064516,6.034910967741936
44.373056,-110.830833,44.38717,-110.88905,6.0,1.1959824193548387
44.373786,-100.287269,44.34625,-100.2495,17.387096774193548,4.1784670967741935
44.37705,-68.2609,44.42187,-68.31149,11.024390243902438,5.231838483870968
44.39308,-73.8589,44.34515,-73.8583,11.75,3.9198290322580647
44.4438,-95.81789,44.49077,-95.86414,26.2,7.103554516129033
44.4762,-73.2106,44.44369,-73.19624,28.870967741935484,9.897910645161293
44.50729,-87.99344,44.50042,-87.97289,27.806451612903224,9.126972258064518
44.524568,-109.06926,44.57186,-109.09054,12.6,2.739291225806452
44.52612,-109.01673,44.46478,-109.07046,7.806451612903226,1.407280935483871
44.52839,-72.86884,44.49166,-72.86446,16.926829268292682,5.598334516129032
44.551419,-70.546319,44.56508,-70.47066,27.27777777777778,6.399858064516129
44.657014,-111.089618,44.69083,-111.10858,1.9230769230769231,1.5670127741935485
44.706123,-93.285803,44.65768,-93.27899,35.29032258064516,8.743643225806451
44.73846,-93.23725,44.76559,-93.27277,32.18421052631579,9.905346774193548
44.76249,-91.41445,44.80726,-91.44169,33.45161290322581,9.357592903225806
44.78275,-106.96432,44.75503,-106.98026,26.2,2.3007967741935484
44.791437,-93.512534,44.77408,-93.57674,30.096774193548388,8.916473870967742
44.79886,-68.769675,44.76045,-68.7953,21.52777777777778,8.443461935483871
44.815142,-106.955933,44.86235,-106.99696,45.77777777777778,1.9986686774193547
44.817398,-68.772762,44.86325,-68.74879,20.13888888888889,7.337001387096774
44.89965,-97.128802,44.92778,-97.07623,29.741935483870968,6.003098387096774
44.94805,-93.34315,44.98568,-93.41273,31.33333333333333,10.637598064516128
44.95072,-93.09827,44.9768,-93.1078,33.0,12.212459032258064
44.95366,-93.25821,44.98133,-93.26025,29.85,11.66003741935484
44.95939,-93.03587,44.9768,-93.1078,34.10958904109589,12.212459032258064
44.965242,-93.254759,44.98133,-93.26025,44.77272727272727,11.66003741935484
45.02124,-92.77525,45.07501,-92.79589,45.0625,8.625782580645161
45.02862,-92.78336,45.07501,-92.79589,22.806451612903224,8.625782580645161
45.13768,-93.207615,45.08916,-93.25397,29.48780487804878,10.661538387096774
45.181897,-113.890285,45.23065,-113.87148,61.5,1.0543008387096775
45.2066,-90.5972,45.20271,-90.64004,25.967741935483872,5.129150645161291
45.20916,-93.66921,45.20952,-93.7067,26.06451612903226,9.451110967741936
45.366151,-106.48982,45.33765,-106.45425,13.225806451612904,1.935619516129032
45.393497,-122.747894,45.4005,-122.76484,28.1,17.96205677419355
45.440295,-105.370283,45.41163,-105.38464,14.4,2.174046870967742
45.4625,-98.486111,45.45904,-98.46062,30.727272727272727,5.870685806451613
45.496641,-122.602877,45.43058,-122.6173,28.4,16.7698035483871
45.528501,-122.972398,45.57718,-122.99889,35.5,8.399703548387096
45.549839,-94.13345,45.54384,-94.1515,29.32258064516129,16.525756451612903
45.56498,-88.80859,45.52887,-88.75444,13.03448275862069,3.984312258064516
45.64336,-122.58737,45.66768,-122.55496,41.483870967741936,8.382433870967743
45.806311,-108.425978,45.83219,-108.3965,27.32258064516129,4.291521935483871
46.002602,-112.501247,45.95214,-112.49164,40.23529411764706,1.6983316774193549
46.0519,-89.654,46.01385,-89.62497,17.06451612903226,3.814208677419355
46.243621,-114.158889,46.2895,-114.15902,31.483870967741936,1.9743581612903227
46.288877,-85.950227,46.29944,-85.98928,12.67741935483871,2.7432677741935487
46.38024,-120.33266,46.43674,-120.2846,43.87096774193548,5.364376451612904
46.39674,-94.1303,46.40516,-94.11238,19.83870967741936,8.919927419354838
46.493633,-84.364207,46.48006,-84.38152,37.74193548387097,6.20097935483871
46.598056,-120.499167,46.61742,-120.51545,52.09756097560975,6.365045161290323
46.60234,-90.65615,46.60734,-90.65389,18.70967741935484,3.99542
46.658762,-112.013089,46.66085,-112.03342,40.20634920634921,3.650047064516129
46.682299,-68.016195,46.7409,-68.03425,23.97222222222222,7.0206025806451615
46.698422,-68.038403,46.7409,-68.03425,21.0,7.0206025806451615
46.713694,-92.511722,46.6841,-92.53056,11.838709677419354,5.60105064516129
46.743657,-92.165998,46.78053,-92.20921,23.625,9.495553870967742
46.81826,-92.08936,46.77478,-92.05244,15.2,19.108239677419355
46.825425,-100.76821,46.81565,-100.69265,22.76829268292683,6.685242258064516
46.842181,-114.021499,46.85807,-113.99774,41.1,3.876149032258065
46.8505,-111.987164,46.89061,-111.93008,7.292682926829267,1.5672694838709678
46.851811,-95.846272,46.86175,-95.82091,24.677419354838708,8.72553870967742
46.8943,-103.37853,46.9291,-103.37905,16.161290322580644,3.280361322580645
46.933754,-96.85535,46.97443,-96.92126,25.35483870967742,7.340714193548387
46.99364,-120.545,47.0606,-120.52441,36.935483870967744,2.631718258064516
47.012907,-114.224273,47.0491,-114.21132,50.54838709677419,1.8623486451612905
47.048537,-109.455315,47.04209,-109.4153,10.129032258064516,1.999332387096774
47.185833,-101.428056,47.22601,-101.35037,19.93548387096774,4.285682903225807
47.1864,-122.4517,47.13113,-122.51782,51.8235294117647,10.42337064516129
47.22634,-122.46256,47.26404,-122.40963,41.16666666666666,10.654816451612904
47.2875,-122.2144,47.29358,-122.25748,36.93333333333333,11.992873870967742
47.298611,-101.766944,47.31698,-101.83251,28.774193548387096,6.514047096774194
47.316577,-116.571281,47.27326,-116.53651,47.073170731707314,2.3564399032258065
47.342423,-102.645864,47.39327,-102.63265,20.806451612903224,4.03297
47.355332,-68.321106,47.38522,-68.38807,32.22222222222222,6.49920935483871
47.38443,-94.60166,47.38156,-94.54241,27.40740740740741,6.583920967741936
47.386111,-122.230278,47.39681,-122.30098,34.483870967741936,9.951820967741936
47.523355,-92.536305,47.54242,-92.46804,23.451612903225808,8.008214838709678
47.536389,-116.236667,47.52858,-116.29379,55.63333333333333,2.172245
47.55975,-122.338265,47.5,-122.34464,48.25806451612903,9.953246774193548
47.568236,-122.308628,47.5,-122.34464,29.341463414634145,9.953246774193548
47.5812,-103.2995,47.57931,-103.28732,15.838709677419354,3.5646712258064515
47.592675,-122.627397,47.54362,-122.69402,20.870967741935484,7.363611612903226
47.597222,-122.319722,47.60314,-122.38844,40.96774193548387,9.275374838709675
47.672482,-117.364852,47.70358,-117.32931,31.387096774193548,9.402128709677418
47.69978,-117.42635,47.6797,-117.48464,29.625,9.089671612903226
47.8679,-104.676944,47.82561,-104.75426,17.161290322580644,3.201642258064516
47.878159,-95.029172,47.92561,-95.00047,32.89655172413793,4.891855483870968
47.940861,-101.571583,47.97081,-101.56387,19.0,4.443377419354839
47.948622,-91.495574,47.93515,-91.47747,5.935483870967742,3.1422649032258065
47.972085,-89.69098,47.95902,-89.71047,22.678571428571427,2.433108064516129
48.054315,-122.171529,48.10372,-122.10278,46.935483870967744,5.897096129032258
48.15278,-103.63951,48.09872,-103.66282,22.193548387096776,6.030807096774193
48.2469,-121.6031,48.19057,-121.6391,34.0,1.5486884516129034
48.317507,-107.862471,48.36309,-107.90092,14.161290322580646,3.478004193548387
48.363694,-114.189272,48.35343,-114.25882,35.58064516129032,5.04963064516129
48.391545,-115.553309,48.39558,-115.5861,57.16129032258065,2.796115483870968
48.39999,-119.51896,48.34084,-119.5355,39.354838709677416,2.67215464516129
48.52059,-122.61428,48.55926,-122.63421,22.61290322580645,5.429101451612903
48.544448,-117.903425,48.49039,-117.93069,48.29032258064516,3.719631935483871
48.64193,-102.4018,48.68963,-102.42971,17.0,4.442664838709677
48.760036,-122.456463,48.82402,-122.41272,23.90322580645161,5.589836612903225
58.388497,-134.567237,52.21651,-132.9687,42.193548387096776,1.896275483870968
61.205861,-149.824602,51.84333,-134.38901,38.41935483870968,1.872126225806452
61.3267,-149.569707,51.84333,-134.38901,36.56666666666667,1.872126225806452
61.534163,-149.031655,51.84333,-134.38901,44.25,1.872126225806452
61.598898,-149.10622,51.84333,-134.38901,21.741935483870968,1.872126225806452
64.762641,-147.310279,51.84333,-134.38901,93.10714285714286,1.872126225806452
64.840672,-147.722461,51.84333,-134.38901,60.80645161290322,1.872126225806452
64.84569,-147.727413,51.84333,-134.38901,62.72222222222222,1.872126225806452
